url,slug,post_id,fixed,reason,issues,changes
https://culturdceo.com,,,False,No matching WP post,Title short (18) | Meta long (285) | Multiple H1s (7),[]
https://culturdceo.com/,,,False,No matching WP post,Title short (18) | Meta long (285) | Multiple H1s (7),[]
https://culturdceo.com/feed/,feed,,False,No matching WP post,Title short (11) | Missing meta desc | Multiple H1s (10) | No OG tags | No Schema,[]
https://culturdceo.com/comments/feed/,feed,,False,No matching WP post,Title short (24) | Missing meta desc | No H1 | No OG tags | No Schema,[]
https://culturdceo.com/wp-json/oembed/1.0/embed?url=https%3A%2F%2Fculturdceo.com%2F,embed,,False,No matching WP post,Missing title | Missing meta desc | No H1 | No OG tags | No Schema,[]
https://culturdceo.com/wp-json/oembed/1.0/embed?url=https%3A%2F%2Fculturdceo.com%2F&#038;format=xml,embed,,False,No matching WP post,Missing title | Missing meta desc | No H1 | No OG tags | No Schema,[]
https://culturdceo.com/wp-content/plugins/header-footer-elementor/inc/widgets-css/frontend.css?ver=2.8.7,frontend.css,,False,No matching WP post,Missing title | Missing meta desc | No H1 | No OG tags | No Schema,[]
https://culturdceo.com/wp-content/plugins/all-in-one-seo-pack/dist/Lite/assets/css/table-of-contents/global.e90f6d47.css?ver=4.9.6.2,global.e90f6d47.css,,False,No matching WP post,Missing title | Missing meta desc | No H1 | No OG tags | No Schema,[]
https://culturdceo.com/wp-content/plugins/contact-form-7/includes/css/styles.css?ver=6.1.5,styles.css,,False,No matching WP post,Missing title | Missing meta desc | No H1 | No OG tags | No Schema,[]
https://culturdceo.com/wp-content/plugins/papermag-extension/assets/css/hover-min.css?ver=6.9.4,hover-min.css,,False,No matching WP post,Missing title | Missing meta desc | No H1 | No OG tags | No Schema,[]
https://culturdceo.com/wp-content/plugins/papermag-extension/assets/css/admin-style.css?ver=6.9.4,admin-style.css,,False,No matching WP post,Missing title | Missing meta desc | No H1 | No OG tags | No Schema,[]
https://culturdceo.com/wp-content/plugins/header-footer-elementor/assets/css/header-footer-elementor.css?ver=2.8.7,header-footer-elementor.css,,False,No matching WP post,Missing title | Missing meta desc | No H1 | No OG tags | No Schema,[]
https://culturdceo.com/wp-content/plugins/elementor/assets/css/frontend.min.css?ver=4.0.3,frontend.min.css,,False,No matching WP post,Missing title | Missing meta desc | No H1 | No OG tags | No Schema,[]
https://culturdceo.com/wp-content/uploads/elementor/css/post-9.css?ver=1777799752,post-9.css,,False,No matching WP post,Missing title | Missing meta desc | No H1 | No OG tags | No Schema,[]
https://culturdceo.com/wp-content/plugins/elementor/assets/css/widget-image.min.css?ver=4.0.3,widget-image.min.css,,False,No matching WP post,Missing title | Missing meta desc | No H1 | No OG tags | No Schema,[]
https://culturdceo.com/wp-content/plugins/elementor/assets/lib/swiper/v8/css/swiper.min.css?ver=8.4.5,swiper.min.css,,False,No matching WP post,Missing title | Missing meta desc | No H1 | No OG tags | No Schema,[]
https://culturdceo.com/wp-content/plugins/elementor/assets/css/conditionals/e-swiper.min.css?ver=4.0.3,e-swiper.min.css,,False,No matching WP post,Missing title | Missing meta desc | No H1 | No OG tags | No Schema,[]
https://culturdceo.com/wp-content/uploads/elementor/css/post-22.css?ver=1777799752,post-22.css,,False,No matching WP post,Missing title | Missing meta desc | No H1 | No OG tags | No Schema,[]
https://culturdceo.com/wp-content/uploads/elementor/css/base-desktop.css?ver=69f71248da7e9,base-desktop.css,,False,No matching WP post,Missing title | Missing meta desc | No H1 | No OG tags | No Schema,[]
https://culturdceo.com/wp-content/themes/papermag/assets/css/bootstrap.min.css?ver=6.9.4,bootstrap.min.css,,False,No matching WP post,Missing title | Missing meta desc | No H1 | No OG tags | No Schema,[]
https://culturdceo.com/wp-content/themes/papermag/assets/css/nice-select.css?ver=6.9.4,nice-select.css,,False,No matching WP post,Missing title | Missing meta desc | No H1 | No OG tags | No Schema,[]
https://culturdceo.com/wp-content/themes/papermag/assets/fonts/fontawesome/css/all.min.css?ver=6.9.4,all.min.css,,False,No matching WP post,Missing title | Missing meta desc | No H1 | No OG tags | No Schema,[]
https://culturdceo.com/wp-content/themes/papermag/assets/css/owl.carousel.css?ver=6.9.4,owl.carousel.css,,False,No matching WP post,Missing title | Missing meta desc | No H1 | No OG tags | No Schema,[]
https://culturdceo.com/wp-content/themes/papermag/assets/css/magnific-popup.css?ver=6.9.4,magnific-popup.css,,False,No matching WP post,Missing title | Missing meta desc | No H1 | No OG tags | No Schema,[]
https://culturdceo.com/wp-content/themes/papermag/assets/css/papermag-style.css?ver=6.9.4,papermag-style.css,,False,No matching WP post,Missing title | Missing meta desc | No H1 | No OG tags | No Schema,[]
https://culturdceo.com/wp-content/themes/papermag/assets/css/responsive.css?ver=6.9.4,responsive.css,,False,No matching WP post,Missing title | Missing meta desc | No H1 | No OG tags | No Schema,[]
https://culturdceo.com/wp-content/themes/papermag-child/style.css?ver=1.0,style.css,,False,No matching WP post,Missing title | Missing meta desc | No H1 | No OG tags | No Schema,[]
https://culturdceo.com/wp-content/themes/papermag/assets/css/custom-style.css?ver=6.9.4,custom-style.css,,False,No matching WP post,Missing title | Missing meta desc | No H1 | No OG tags | No Schema,[]
https://culturdceo.com/wp-content/plugins/elementor/assets/lib/eicons/css/elementor-icons.min.css?ver=5.34.0,elementor-icons.min.css,,False,No matching WP post,Missing title | Missing meta desc | No H1 | No OG tags | No Schema,[]
https://culturdceo.com/wp-content/plugins/elementor/assets/css/widget-icon-list.min.css?ver=3.24.3,widget-icon-list.min.css,,False,No matching WP post,Missing title | Missing meta desc | No H1 | No OG tags | No Schema,[]
https://culturdceo.com/wp-content/plugins/elementor/assets/css/widget-social-icons.min.css?ver=3.24.0,widget-social-icons.min.css,,False,No matching WP post,Missing title | Missing meta desc | No H1 | No OG tags | No Schema,[]
https://culturdceo.com/wp-content/plugins/elementor/assets/lib/font-awesome/css/brands.css?ver=5.15.3,brands.css,,False,No matching WP post,Missing title | Missing meta desc | No H1 | No OG tags | No Schema,[]
https://culturdceo.com/wp-content/plugins/elementor/assets/lib/font-awesome/css/fontawesome.css?ver=5.15.3,fontawesome.css,,False,No matching WP post,Missing title | Missing meta desc | No H1 | No OG tags | No Schema,[]
https://culturdceo.com/wp-content/plugins/elementor/assets/lib/font-awesome/css/solid.css?ver=5.15.3,solid.css,,False,No matching WP post,Missing title | Missing meta desc | No H1 | No OG tags | No Schema,[]
https://culturdceo.com/wp-json/,wp-json,,False,No matching WP post,Missing title | Missing meta desc | No H1 | No OG tags | No Schema,[]
https://culturdceo.com/wp-json/wp/v2/pages/22,22,,False,No matching WP post,Missing title | Missing meta desc | Multiple H1s (6) | No OG tags | No Schema,[]
https://culturdceo.com/xmlrpc.php?rsd,xmlrpc.php,,False,No matching WP post,Missing title | Missing meta desc | No H1 | No OG tags | No Schema,[]
https://culturdceo.com/wp-content/uploads/2026/04/cropped-0d2c491a-3fa9-482b-bf96-c5f975db118d_720-1-e1709847332229-150x150.png,cropped-0d2c491a-3fa9-482b-bf96-c5f975db118d_720-1-e1709847332229-150x150.png,,False,No matching WP post,Missing title | Missing meta desc | No H1 | No OG tags | No Schema,[]
https://culturdceo.com/wp-content/uploads/2026/04/cropped-0d2c491a-3fa9-482b-bf96-c5f975db118d_720-1-e1709847332229-300x300.png,cropped-0d2c491a-3fa9-482b-bf96-c5f975db118d_720-1-e1709847332229-300x300.png,,False,No matching WP post,Missing title | Missing meta desc | No H1 | No OG tags | No Schema,[]
https://culturdceo.com/category/lifestyle/,lifestyle,,False,No matching WP post,Title short (23) | Missing meta desc,[]
https://culturdceo.com/category/fashion/,fashion,,False,No matching WP post,Title short (21) | Missing meta desc,[]
https://culturdceo.com/category/business/,business,,False,No matching WP post,Title short (22) | Missing meta desc,[]
https://culturdceo.com/about-us/,about-us,,False,No matching WP post,Title short (22) | Meta long (353),[]
https://culturdceo.com/news/,news,,False,No matching WP post,Title short (18) | Multiple H1s (11),[]
https://culturdceo.com/category/travel/,travel,,False,No matching WP post,Title short (20) | Missing meta desc,[]
https://culturdceo.com/category/tech/,tech,,False,No matching WP post,Title short (18) | Missing meta desc,[]
https://culturdceo.com/category/world/,world,,False,No matching WP post,Title short (19) | Missing meta desc,[]
https://culturdceo.com/contact-us/,contact-us,,False,No matching WP post,Title short (24),[]
https://culturdceo.com/fashion-experts-opinion/,fashion-experts-opinion,,False,No matching WP post,Title long (83) | Multiple H1s (3),[]
https://culturdceo.com/author/autofuturesweekly/,autofuturesweekly,,False,No matching WP post,Missing meta desc | Multiple H1s (11),[]
https://culturdceo.com/iris-apfel-100th-birthday-fashion-tribute/,iris-apfel-100th-birthday-fashion-tribute,,False,No matching WP post,Title long (80) | Multiple H1s (3),[]
https://culturdceo.com/fashion-conscious-style-inspiration/,fashion-conscious-style-inspiration,,False,No matching WP post,Title long (75) | Multiple H1s (3),[]
https://culturdceo.com/fashion-resale-future-trend/,fashion-resale-future-trend,,False,No matching WP post,Title long (92) | Multiple H1s (3),[]
https://culturdceo.com/top-fashion-magazines-world-ranking/,top-fashion-magazines-world-ranking,,False,No matching WP post,Title long (73) | Multiple H1s (2),[]
https://culturdceo.com/new-york-fashion-week-pilot-theme-2/,new-york-fashion-week-pilot-theme-2,,False,No matching WP post,Title long (90) | Multiple H1s (3),[]
https://culturdceo.com/michel-comte-photography-estate/,michel-comte-photography-estate,,False,No matching WP post,Title long (92) | Multiple H1s (3),[]
https://culturdceo.com/christy-fashion-photography-book/,christy-fashion-photography-book,,False,No matching WP post,Title long (86) | Multiple H1s (3),[]
https://culturdceo.com/rooftop-fashion-show-new-york/,rooftop-fashion-show-new-york,,False,No matching WP post,Title long (80) | Multiple H1s (3),[]
https://culturdceo.com/fashion-comfort-familiarity-trend/,fashion-comfort-familiarity-trend,,False,No matching WP post,Title long (82) | Multiple H1s (3),[]
https://culturdceo.com/new-york-fashion-week-pilot-theme/,new-york-fashion-week-pilot-theme,,False,No matching WP post,Title long (94) | Multiple H1s (3),[]
https://culturdceo.com/fashion-show-business-inspired-pieces/,fashion-show-business-inspired-pieces,,False,No matching WP post,Title long (70) | Multiple H1s (2),[]
https://culturdceo.com/dundas-signature-fashion-collection-2/,dundas-signature-fashion-collection-2,,False,No matching WP post,Title long (89) | Multiple H1s (3),[]
https://culturdceo.com/ella-interview-facetime-fashion/,ella-interview-facetime-fashion,,False,No matching WP post,Title long (73) | Multiple H1s (2),[]
https://culturdceo.com/ella-music-vocal-performance/,ella-music-vocal-performance,,False,No matching WP post,Title long (88) | Multiple H1s (3),[]
https://culturdceo.com/creative-movement-fashion-lifestyle/,creative-movement-fashion-lifestyle,,False,No matching WP post,Title long (75) | Multiple H1s (2),[]
https://culturdceo.com/new-york-fashion-week-trends/,new-york-fashion-week-trends,,False,No matching WP post,Title long (90) | Multiple H1s (3),[]
https://culturdceo.com/michael-kors-business-casual-fashion/,michael-kors-business-casual-fashion,,False,No matching WP post,Title long (88) | Multiple H1s (3),[]
https://culturdceo.com/ella-vocal-track-music-talent/,ella-vocal-track-music-talent,,False,No matching WP post,Title long (93) | Multiple H1s (3),[]
https://culturdceo.com/new-york-fashion-week-pilot-theme-3/,new-york-fashion-week-pilot-theme-3,,False,No matching WP post,Title long (87) | Multiple H1s (3),[]
https://culturdceo.com/michel-comte-photography-estate-2/,michel-comte-photography-estate-2,,False,No matching WP post,Title long (88) | Multiple H1s (3),[]
https://culturdceo.com/category/video/,video,,False,No matching WP post,Title short (19) | Missing meta desc,[]
https://culturdceo.com/met-gala-fashion-history-event/,met-gala-fashion-history-event,,False,No matching WP post,Title long (92) | Multiple H1s (3),[]
https://culturdceo.com/rich-colors-modern-bohemian-fashion/,rich-colors-modern-bohemian-fashion,,False,No matching WP post,Title long (87) | Multiple H1s (3),[]
https://culturdceo.com/vanity-fair-fashion-magazine/,vanity-fair-fashion-magazine,,False,No matching WP post,Title long (74) | Multiple H1s (3),[]
https://culturdceo.com/new-york-festival-fashion-style-return/,new-york-festival-fashion-style-return,,False,No matching WP post,Title long (86) | Multiple H1s (3),[]
https://culturdceo.com/celebrity-fashion-guest-outfits/,celebrity-fashion-guest-outfits,,False,No matching WP post,Title long (92) | Multiple H1s (3),[]
https://culturdceo.com/rooftop-fashion-show-collection/,rooftop-fashion-show-collection,,False,No matching WP post,Title long (87) | Multiple H1s (3),[]
https://culturdceo.com/victoria-beckham-luxury-fashion-style/,victoria-beckham-luxury-fashion-style,,False,No matching WP post,Title long (88) | Multiple H1s (3),[]
https://culturdceo.com/nora-fashion-character-style-sex-appeal/,nora-fashion-character-style-sex-appeal,,False,No matching WP post,Title long (84) | Multiple H1s (2),[]
https://culturdceo.com/fashion-innovation-new-territories/,fashion-innovation-new-territories,,False,No matching WP post,Title long (97) | Multiple H1s (3),[]
