cluster,keyword_count,keywords
table of,8,Table of Contents | Table of Contents | Table of Contents | Table of Contents | Table of Contents | Table of Contents | Table of Contents | Table of Contents
create an,6,Create an imperium account today for free | Create an imperium account today for free | Create an imperium account today for free | Create an imperium account today for free | Create an imperium account today for free | Create an imperium account today for free
selected media,6,Selected media actions | Selected media actions | Selected media actions | Selected media actions | Selected media actions | Selected media actions
{{ data.message,6,{{ data.message }} | {{ data.message }} | {{ data.message }} | {{ data.message }} | {{ data.message }} | {{ data.message }}
drop files,6,Drop files to upload | Drop files to upload | Drop files to upload | Drop files to upload | Drop files to upload | Drop files to upload
attachment preview,6,Attachment Preview | Attachment Preview | Attachment Preview | Attachment Preview | Attachment Preview | Attachment Preview
innovative influence:,4,Innovative Influence: How Los Angeles Shapes Modern Art and Design Movements | Innovative Influence: How Los Angeles Shapes Modern Art and Design Movements | Innovative Influence: How Los Angeles Shapes Modern Art and Design Movements | Innovative Influence: How Los Angeles Shapes Modern Art and Design Movements
city of,4,City of Dreams: The Influence of Los Angeles on Modern Art and Design Movements | City of Dreams: The Influence of Los Angeles on Modern Art and Design Movements | City of Dreams: The Influence of Los Angeles on Modern Art and Design Movements | City of Dreams: The Influence of Los Angeles on Modern Art and Design Movements
the city,4,The City of Angels: How Los Angeles Shaped Hollywood Celebrity Culture | The City of Angels: How Los Angeles Shaped Hollywood Celebrity Culture | The City of Angels: How Los Angeles Shaped Hollywood Celebrity Culture | The City of Angels: How Los Angeles Shaped Hollywood Celebrity Culture
echoes of,4,Echoes of the Past: Tracing Los Angeles&#8217; Impact on the Music Industry | Echoes of the Past: Tracing Los Angeles&#8217; Impact on the Music Industry | Echoes of the Past: Tracing Los Angeles&#8217; Impact on the Music Industry | Echoes of the Past: Tracing Los Angeles&#8217; Impact on the Music Industry
los angeles,2,Los Angeles influencers | Los Angeles entertainment
posts pagination,2,Posts pagination | Posts pagination
la culture,1,LA culture
la lifestyle,1,LA lifestyle
la business,1,LA business
